"DESCRIPTION","DURATION IN MS","NAME","PARENT SUITE","START TIME","STATUS","STOP TIME","SUB SUITE","SUITE","TEST CLASS","TEST METHOD"
"","0","Login using valid credentials","chromium","2026-09-11","skipped","2026-09-11","","loginTestPage.spec.ts","",""
"","10771","Login using valid credentials","firefox","2026-09-11","passed","2026-09-11","","loginTestPageJson.spec.ts","",""
"","0","add the item to cart ZARA COAT 3","webkit","2026-09-11","skipped","2026-09-11","test login ZARA COAT 3","dashboardpageTestJson.spec.ts","",""
"","0","add the item to cart iphone 13 pro","webkit","2026-09-11","skipped","2026-09-11","test login iphone 13 pro","dashboardpageTestJson.spec.ts","",""
"","30109","add the item to cart ADIDAS ORIGINAL","chromium","2026-09-11","broken","2026-09-11","test login ADIDAS ORIGINAL ","dashboardpageTestJson.spec.ts","",""
"","0","Login using valid credentials","firefox","2026-09-11","skipped","2026-09-11","","loginTestPage.spec.ts","",""
"","30149","Add the item to cart","chromium","2026-09-11","broken","2026-09-11","","dashboardPageTest.spec.ts","",""
"","1","testcase 2","chromium","2026-09-11","skipped","2026-09-11","","hooks.spec.ts","",""
"","4538","Login using Invalid credentials","webkit","2026-09-11","passed","2026-09-11","","loginTestPageJson.spec.ts","",""
"","0","Login using Invalid credentials","webkit","2026-09-11","skipped","2026-09-11","","loginTestPage.spec.js","",""
"","0","Login using Invalid credentials","firefox","2026-09-11","skipped","2026-09-11","","loginTestPage.spec.js","",""
"","16864","Login using valid credentials","chromium","2026-09-11","passed","2026-09-11","","loginTestPageJson.spec.ts","",""
"","0","Login using valid credentials","webkit","2026-09-11","skipped","2026-09-11","","loginTestPage.spec.js","",""
"","0","testcase 1","firefox","2026-09-11","skipped","2026-09-11","","hooks.spec.ts","",""
"","1","testcase 2","webkit","2026-09-11","skipped","2026-09-11","","hooks.spec.ts","",""
"","0","add the item to cart iphone 13 pro","firefox","2026-09-11","skipped","2026-09-11","test login iphone 13 pro","dashboardpageTestJson.spec.ts","",""
"","1","add the item to cart ZARA COAT 3","firefox","2026-09-11","skipped","2026-09-11","test login ZARA COAT 3","dashboardpageTestJson.spec.ts","",""
"","0","Login using valid credentials","chromium","2026-09-11","skipped","2026-09-11","","loginTestPage.spec.js","",""
"","6636","Login using Invalid credentials","chromium","2026-09-11","passed","2026-09-11","","loginTestPageJson.spec.ts","",""
"","0","testcase 3","webkit","2026-09-11","skipped","2026-09-11","","hooks.spec.ts","",""
"","1","Login using Invalid credentials","firefox","2026-09-11","skipped","2026-09-11","","loginTestPage.spec.ts","",""
"","1","testcase 3","firefox","2026-09-11","skipped","2026-09-11","","hooks.spec.ts","",""
"","1","view the product iphone 13 pro","chromium","2026-09-11","skipped","2026-09-11","test login iphone 13 pro","dashboardpageTestJson.spec.ts","",""
"","0","view the product iphone 13 pro","webkit","2026-09-11","skipped","2026-09-11","test login iphone 13 pro","dashboardpageTestJson.spec.ts","",""
"","0","Login using Invalid credentials","chromium","2026-09-11","skipped","2026-09-11","","loginTestPage.spec.ts","",""
"","0","Login using Invalid credentials","webkit","2026-09-11","skipped","2026-09-11","","loginTestPage.spec.ts","",""
"","0","view the product iphone 13 pro","firefox","2026-09-11","skipped","2026-09-11","test login iphone 13 pro","dashboardpageTestJson.spec.ts","",""
"","1","add the item to cart iphone 13 pro","chromium","2026-09-11","skipped","2026-09-11","test login iphone 13 pro","dashboardpageTestJson.spec.ts","",""
"","6945","Login using Invalid credentials","firefox","2026-09-11","passed","2026-09-11","","loginTestPageJson.spec.ts","",""
"","1","testcase 1","webkit","2026-09-11","skipped","2026-09-11","","hooks.spec.ts","",""
"","12127","view the product ADIDAS ORIGINAL","chromium","2026-09-11","failed","2026-09-11","test login ADIDAS ORIGINAL ","dashboardpageTestJson.spec.ts","",""
"","0","testcase 2","firefox","2026-09-11","skipped","2026-09-11","","hooks.spec.ts","",""
"","0","view the product ZARA COAT 3","chromium","2026-09-11","skipped","2026-09-11","test login ZARA COAT 3","dashboardpageTestJson.spec.ts","",""
"","5106","Login using valid credentials","webkit","2026-09-11","passed","2026-09-11","","loginTestPageJson.spec.ts","",""
"","1","add the item to cart ZARA COAT 3","chromium","2026-09-11","skipped","2026-09-11","test login ZARA COAT 3","dashboardpageTestJson.spec.ts","",""
"","0","view the product ZARA COAT 3","webkit","2026-09-11","skipped","2026-09-11","test login ZARA COAT 3","dashboardpageTestJson.spec.ts","",""
"","0","Login using valid credentials","firefox","2026-09-11","skipped","2026-09-11","","loginTestPage.spec.js","",""
"","2","testcase 1","chromium","2026-09-11","skipped","2026-09-11","","hooks.spec.ts","",""
"","1","testcase 3","chromium","2026-09-11","skipped","2026-09-11","","hooks.spec.ts","",""
"","0","Login using valid credentials","webkit","2026-09-11","skipped","2026-09-11","","loginTestPage.spec.ts","",""
"","0","view the product ZARA COAT 3","firefox","2026-09-11","skipped","2026-09-11","test login ZARA COAT 3","dashboardpageTestJson.spec.ts","",""
"","30105","View the item","chromium","2026-09-11","broken","2026-09-11","","dashboardPageTest.spec.ts","",""
"","0","Login using Invalid credentials","chromium","2026-09-11","skipped","2026-09-11","","loginTestPage.spec.js","",""
